Latitude,Longitude,Neighborhood
37.543453,-77.438963,"Arts District, Richmond, VA"
37.5434554,-77.430753,"Biotech and MCV, Richmond, VA"
37.5429163,-77.4379257,"City Center, Richmond, VA"
37.5441544,-77.43209569999999,"Court End, Richmond, VA"
37.537863,-77.44581509999999,"Gambles Hill, Richmond, VA"
37.5477384,-77.44007739999999,"Jackson Ward, Richmond, VA"
37.5431096,-77.44581509999999,"Monroe Ward, Richmond, VA"
37.5616852,-77.4703107,"Midtown, Richmond, VA"
37.5337726,-77.42682560000002,"Shockoe Bottom, Richmond, VA"
37.5344285,-77.43218759999999,"Shockoe Slip, Richmond, VA"
37.5435702,-77.4257319,"Upper Shockoe Valley, Richmond, VA"
37.5468454,-77.4135367,"Brauers, Richmond, VA"
37.5282873,-77.4056451,"Chimborazo, Richmond, VA"
37.5328397,-77.4162523,"Church Hill, Richmond, VA"
37.5451415,-77.3977529,"Creighton, Richmond, VA"
37.5498917,-77.4113845,"Eastview, Richmond, VA"
37.5496956,-77.40349270000002,"Fairfield, Richmond, VA"
37.5415995,-77.4135367,"Fairmount, Richmond, VA"
37.5157061,-77.3984704,"Fulton Hill, Richmond, VA"
37.5218006,-77.39416539999999,"Montrose Heights, Richmond, VA"
37.5463076,-77.4207105,"Mosby, Richmond, VA"
37.54655109999999,-77.432637,"Navy Hill, Richmond, VA"
37.5329145,-77.3999054,"Oakwood, Richmond, VA"
37.5449147,-77.40779739999999,"Peter Paul, Richmond, VA"
37.5288108,-77.42227969999999,"Tobacco Row, Richmond, VA"
37.5377053,-77.4199931,"Union Hill, Richmond, VA"
37.55593289999999,-77.41850199999999,"Witcomb Court, Richmond, VA"
37.5599252,-77.4314703,"Barton Heights, Richmond, VA"
37.5908319,-77.4575539,"Bellevue, Richmond, VA"
37.5593799,-77.4425219,"Chamberlayne Industrial Center, Richmond, VA"
37.5806331,-77.43505669999999,"Edgewood, Richmond, VA"
37.5523663,-77.4343394,"Gilpin, Richmond, VA"
37.5836035,-77.4443807,"Ginter Park, Richmond, VA"
37.5689085,-77.4235799,"Green Park, Richmond, VA"
37.5782127,-77.4616853,"Hermitage Road, Richmond, VA"
37.5741117,-77.41712369999999,"Highland Park, Richmond, VA"
37.5721087,-77.4228625,"Highland Terrace, Richmond, VA"
37.5810596,-77.45728969999999,"Laburnum Park, Richmond, VA"
37.5614245,-77.4149715,"Magnolia Industrial Center, Richmond, VA"
37.5741117,-77.41712369999999,"North Highland Park, Richmond, VA"
37.5987539,-77.4450979,"Pine Camp, Richmond, VA"
37.5776619,-77.4257319,"Providence Park, Richmond, VA"
37.5846064,-77.4658948,"Rosedale, Richmond, VA"
37.5755072,-77.45442109999999,"Sherwood Park, Richmond, VA"
37.5599252,-77.4314703,"South Barton Heights, Richmond, VA"
37.5358745,-77.4356571,"Three Corners, Richmond, VA"
37.5896941,-77.44007739999999,"Washington Park, Richmond, VA"
37.5189793,-77.42075229999999,"Ancarrow's Landing, Richmond, VA"
37.4990417,-77.43864289999999,"Bellemeade, Richmond, VA"
37.4672819,-77.49744160000002,"Belmont Woods, Richmond, VA"
37.5165639,-77.4429463,"Blackwell, Richmond, VA"
37.4320932,-77.6497139,"Brandermill, Richmond, VA"
37.4704256,-77.4830405,"Broad Rock, Richmond, VA"
37.4640368,-77.49137429999999,"Brookbury, Richmond, VA"
37.4820919,-77.4591507,"Cherry Gardens, Richmond, VA"
37.5319552,-77.5375794,"Chippenham Forest, Richmond, VA"
37.4971094,-77.45728969999999,"Cofer, Richmond, VA"
37.4665979,-77.4788014,"Cottrell Farms, Richmond, VA"
37.5255105,-77.47736739999999,"Forest Hill, Richmond, VA"
37.5365358,-77.514708,"Gravel Hill, Richmond, VA"
37.4828974,-77.4716313,"Hickory Hill, Richmond, VA"
37.5017822,-77.4336221,"Hillside Court, Richmond, VA"
37.5458741,-77.5820012,"Huguenot, Richmond, VA"
37.5181543,-77.5189458,"Jahnke, Richmond, VA"
37.5209801,-77.4441499,"Manchester, Richmond, VA"
37.500276,-77.45011819999999,"Maury, Richmond, VA"
37.4989572,-77.4744994,"McGuire, Richmond, VA"
37.458993,-77.468513,"North Chesterfield, Richmond, VA"
37.5134297,-77.47664809999999,"Northrop, Richmond, VA"
37.5095401,-77.43864289999999,"Oak Grove, Richmond, VA"
37.5393138,-77.547765,"Oxford, Richmond, VA"
37.4793144,-77.4927632,"Piney Knolls, Richmond, VA"
37.48307459999999,-77.4785088,"South Richmond, Richmond, VA"
37.55542459999999,-77.54915369999999,"Southampton, Richmond, VA"
37.5483402,-77.57165859999999,"Stoney Point, Richmond, VA"
37.5508687,-77.530413,"Stratford Hills, Richmond, VA"
37.51664,-77.45585539999999,"Swansboro, Richmond, VA"
37.4659105,-77.4601581,"Walmsley, Richmond, VA"
37.4590365,-77.4227605,"Warwick, Richmond, VA"
37.56027419999999,-77.4870682,"Windsor, Richmond, VA"
37.4978697,-77.4888388,"Woodhaven, Richmond, VA"
37.5213468,-77.4630265,"Woodland Heights, Richmond, VA"
37.4912901,-77.5132117,"Worthington, Richmond, VA"
37.5427152,-77.4795668,"Byrd Park, Richmond, VA"
37.5395527,-77.4859711,"Carillon, Richmond, VA"
37.5539104,-77.4486838,"Carver, Richmond, VA"
37.5530946,-77.4838202,"Carytown, Richmond, VA"
37.56670640000001,-77.4945741,"Colonial Place, Richmond, VA"
37.5427152,-77.4795668,"Byrd Park, Richmond, VA"
37.5512752,-77.45879339999999,"The Fan, Richmond, VA"
37.5687141,-77.4888388,"Malvern Gardens, Richmond, VA"
37.5341954,-77.47433579999999,"Maymount, Richmond, VA"
37.5616745,-77.48090359999999,"Museum District, Richmond, VA"
37.55745870000001,-77.45728969999999,"Newtowne West, Richmond, VA"
37.5377471,-77.4508354,"Oregon Hill, Richmond, VA"
37.542645,-77.4658948,"Randolph, Richmond, VA"
37.5669281,-77.45949809999999,"Rhoadmiller, Richmond, VA"
37.5696159,-77.4719508,"Scott's Addition, Richmond, VA"
37.5503539,-77.4888388,"Stadium, Richmond, VA"
37.5708649,-77.508911,"Stonewall Court, Richmond, VA"
37.5616745,-77.48090359999999,"West of the Boulevard, Richmond, VA"
37.5741012,-77.5146453,"Westhampton, Richmond, VA"
37.5818697,-77.49758729999999,"Willow Lawn, Richmond, VA"
37.5601359,-77.5189458,"Wilton, Richmond, VA"
37.5501179,-77.4988753,"Windsor Farms, Richmond, VA"
